First hand speed;Second hand speed;First hand palm position;;;Second hand palm position;;;First hand fingers position;;;;;;;;;;;;;;;Second hand fingers position;;;;;;;;;;;;;;;First hand grab strength;Second hand grab strength
30.5002;18.33215;114.258;166.2429;10.37092;-97.16428;164.697;31.50277;23.9713;193.2811;12.67048;58.90554;219.8629;-56.76862;79.87193;219.6523;-71.4638;102.2226;209.9093;-68.265;122.5179;192.8214;-51.05194;-32.42027;147.0561;15.14326;-70.25041;170.8158;-50.71169;-90.35797;182.0626;-65.37511;-113.5443;184.3212;-59.09952;-137.0238;176.8592;-37.98363;0;0
30.5002;18.33215;114.258;166.2429;10.37092;-97.16428;164.697;31.50277;23.9713;193.2811;12.67048;58.90554;219.8629;-56.76862;79.87193;219.6523;-71.4638;102.2226;209.9093;-68.265;122.5179;192.8214;-51.05194;-32.42027;147.0561;15.14326;-70.25041;170.8158;-50.71169;-90.35797;182.0626;-65.37511;-113.5443;184.3212;-59.09952;-137.0238;176.8592;-37.98363;0;0
25.45032;22.68448;112.6954;168.1209;12.08794;-99.436;165.0176;31.78214;23.9713;193.2811;12.67048;58.90554;219.8629;-56.76862;79.87193;219.6523;-71.4638;102.2226;209.9093;-68.265;122.5179;192.8214;-51.05194;-33.86522;145.8778;15.49179;-70.88269;169.5731;-50.75922;-91.75079;179.7345;-65.47571;-115.8008;182.4506;-59.34546;-139.812;174.7594;-38.00836;0;0
8.227477;6.138415;112.7672;168.3356;12.24443;-99.57907;165.0261;31.92917;23.9713;193.2811;12.67048;58.90554;219.8629;-56.76862;79.87193;219.6523;-71.4638;102.2226;209.9093;-68.265;122.5179;192.8214;-51.05194;-34.36979;145.9939;15.45274;-70.79271;169.9471;-50.80703;-91.92719;180.1349;-65.46943;-116.0358;182.988;-59.27495;-140.1501;175.3105;-37.88175;0;0
13.032;6.778111;112.9472;168.5294;12.50583;-99.70131;165.1183;32.04736;23.9713;193.2811;12.67048;58.90554;219.8629;-56.76862;79.87193;219.6523;-71.4638;102.2226;209.9093;-68.265;122.5179;192.8214;-51.05194;-34.65789;146.3561;15.45365;-70.83376;170.1643;-50.67752;-92.09332;180.5131;-65.36402;-116.245;183.4312;-59.13175;-140.3833;175.7457;-37.72065;0;0
21.36874;32.31947;113.2776;168.4712;12.69433;-99.75252;165.5909;32.31622;23.9713;193.2811;12.67048;58.90554;219.8629;-56.76862;79.87193;219.6523;-71.4638;102.2226;209.9093;-68.265;122.5179;192.8214;-51.05194;-34.86359;146.8918;15.54503;-70.5204;170.029;-49.87753;-91.48856;180.9997;-64.86304;-115.7683;183.8533;-58.7438;-139.9765;176.1351;-37.47101;0;0
10.43296;18.0458;113.5749;168.5193;12.72906;-99.85516;165.9755;32.65752;23.9713;193.2811;12.67048;58.90554;219.8629;-56.76862;79.87193;219.6523;-71.4638;102.2226;209.9093;-68.265;122.5179;192.8214;-51.05194;-35.02441;147.2354;15.67611;-70.39906;170.2344;-49.19391;-91.27001;181.7605;-64.34957;-115.6806;184.5398;-58.26566;-139.9632;176.6637;-37.08259;0;0
8.407019;12.1399;114.399;168.7867;12.72154;-99.89659;166.7972;32.86301;23.9713;193.2811;12.67048;58.90554;219.8629;-56.76862;79.87193;219.6523;-71.4638;102.2226;209.9093;-68.265;122.5179;192.8214;-51.05194;-34.65052;148.5373;15.43757;-70.7037;170.8636;-48.62352;-91.29314;182.8508;-63.83032;-115.6684;185.3054;-57.70869;-139.7724;177.088;-36.59623;0;0
9.381645;9.639426;114.5191;168.8993;12.85682;-99.94226;167.0105;32.84365;23.9713;193.2811;12.67048;58.90554;219.8629;-56.76862;79.87193;219.6523;-71.4638;102.2226;209.9093;-68.265;122.5179;192.8214;-51.05194;-34.79973;148.7115;15.26171;-70.83881;171.0328;-48.57159;-91.3501;182.9897;-63.74657;-115.7301;185.3758;-57.62329;-139.7594;177.0775;-36.53095;0;0
14.71135;7.042439;114.5949;169.1936;12.99387;-99.95638;167.166;32.87674;23.9713;193.2811;12.67048;58.90554;219.8629;-56.76862;79.87193;219.6523;-71.4638;102.2226;209.9093;-68.265;122.5179;192.8214;-51.05194;-34.98284;148.7925;15.19436;-70.85597;171.1648;-48.49826;-91.26381;183.0002;-63.63547;-115.6497;185.3188;-57.54144;-139.6356;177.0279;-36.48741;0;0
14.71135;7.042439;114.5949;169.1936;12.99387;-99.95638;167.166;32.87674;23.9713;193.2811;12.67048;58.90554;219.8629;-56.76862;79.87193;219.6523;-71.4638;102.2226;209.9093;-68.265;122.5179;192.8214;-51.05194;-34.98284;148.7925;15.19436;-70.85597;171.1648;-48.49826;-91.26381;183.0002;-63.63547;-115.6497;185.3188;-57.54144;-139.6356;177.0279;-36.48741;0;0
23.03851;4.084273;114.6331;169.6606;13.2333;-99.99805;167.2271;32.93356;23.9713;193.2811;12.67048;58.90554;219.8629;-56.76862;79.87193;219.6523;-71.4638;102.2226;209.9093;-68.265;122.5179;192.8214;-51.05194;-35.16291;148.7789;15.19864;-70.82137;171.1892;-48.49209;-91.24512;182.9605;-63.58478;-115.6803;185.3179;-57.50515;-139.679;177.0715;-36.45239;0;0
30.92833;9.348957;114.8197;170.9438;13.82922;-100.0895;167.3974;32.88685;23.9713;193.2811;12.67048;58.90554;219.8629;-56.76862;79.87193;219.6523;-71.4638;102.2226;209.9093;-68.265;122.5179;192.8214;-51.05194;-35.68281;148.6474;14.84022;-70.66487;171.5625;-48.74054;-91.13201;183.0325;-63.75008;-115.5495;185.1144;-57.67767;-139.5979;177.0099;-36.6312;0;0
30.92833;9.348957;114.8197;170.9438;13.82922;-100.0895;167.3974;32.88685;23.9713;193.2811;12.67048;58.90554;219.8629;-56.76862;79.87193;219.6523;-71.4638;102.2226;209.9093;-68.265;122.5179;192.8214;-51.05194;-35.68281;148.6474;14.84022;-70.66487;171.5625;-48.74054;-91.13201;183.0325;-63.75008;-115.5495;185.1144;-57.67767;-139.5979;177.0099;-36.6312;0;0
30.0769;2.517025;114.8486;171.5691;14.10675;-100.0965;167.4016;32.94358;23.9713;193.2811;12.67048;58.90554;219.8629;-56.76862;79.87193;219.6523;-71.4638;102.2226;209.9093;-68.265;122.5179;192.8214;-51.05194;-35.94877;148.7099;14.76073;-70.69998;171.6736;-48.75584;-91.19152;183.1708;-63.73212;-115.6139;185.3469;-57.63529;-139.6539;177.2106;-36.59163;0;0
30.0769;2.517025;114.8486;171.5691;14.10675;-100.0965;167.4016;32.94358;23.9713;193.2811;12.67048;58.90554;219.8629;-56.76862;79.87193;219.6523;-71.4638;102.2226;209.9093;-68.265;122.5179;192.8214;-51.05194;-35.94877;148.7099;14.76073;-70.69998;171.6736;-48.75584;-91.19152;183.1708;-63.73212;-115.6139;185.3469;-57.63529;-139.6539;177.2106;-36.59163;0;0
26.51414;8.335094;114.8939;172.1587;14.22489;-100.1777;167.5274;33.05987;23.9713;193.2811;12.67048;58.90554;219.8629;-56.76862;79.87193;219.6523;-71.4638;102.2226;209.9093;-68.265;122.5179;192.8214;-51.05194;-36.21053;148.8807;14.70274;-70.60212;172.0392;-48.85915;-91.16708;183.3984;-63.7665;-115.5477;185.3981;-57.63717;-139.6229;177.3735;-36.57038;0;0
26.64619;6.422385;115.0195;172.7539;14.3079;-100.092;167.4079;33.07654;23.9713;193.2811;12.67048;58.90554;219.8629;-56.76862;79.87193;219.6523;-71.4638;102.2226;209.9093;-68.265;122.5179;192.8214;-51.05194;-36.25264;148.8537;14.66964;-70.62758;172.0641;-48.90596;-91.20236;183.4189;-63.78131;-115.5471;185.5217;-57.62788;-139.5756;177.4427;-36.55896;0;0
26.64619;6.422385;115.0195;172.7539;14.3079;-100.092;167.4079;33.07654;23.9713;193.2811;12.67048;58.90554;219.8629;-56.76862;79.87193;219.6523;-71.4638;102.2226;209.9093;-68.265;122.5179;192.8214;-51.05194;-36.25264;148.8537;14.66964;-70.62758;172.0641;-48.90596;-91.20236;183.4189;-63.78131;-115.5471;185.5217;-57.62788;-139.5756;177.4427;-36.55896;0;0
20.4091;2.822288;115.1486;173.1886;14.37657;-100.0493;167.3907;33.03291;23.9713;193.2811;12.67048;58.90554;219.8629;-56.76862;79.87193;219.6523;-71.4638;102.2226;209.9093;-68.265;122.5179;192.8214;-51.05194;-36.34857;148.8812;14.6066;-70.67756;172.0901;-48.86749;-91.20337;183.45;-63.76816;-115.5236;185.6133;-57.63158;-139.5072;177.4913;-36.59546;0;0
9.495028;4.943617;115.1589;173.4045;14.38102;-99.9794;167.3912;32.94469;23.9713;193.2811;12.67048;58.90554;219.8629;-56.76862;79.87193;219.6523;-71.4638;102.2226;209.9093;-68.265;122.5179;192.8214;-51.05194;-36.41808;148.8092;14.49288;-70.74107;172.0463;-48.84955;-91.07351;183.1555;-63.72988;-115.3288;185.3168;-57.64764;-139.2457;177.3039;-36.67317;0;0
1.677922;7.797135;115.1218;173.4103;14.38689;-99.89263;167.5352;32.89073;23.9713;193.2811;12.67048;58.90554;219.8629;-56.76862;79.87193;219.6523;-71.4638;102.2226;209.9093;-68.265;122.5179;192.8214;-51.05194;-36.43471;148.8476;14.39768;-70.76227;172.2859;-48.84924;-90.91061;183.175;-63.68193;-115.0765;185.3029;-57.65697;-138.9475;177.3819;-36.75555;0;0
6.628294;12.67414;115.1542;173.5386;14.30472;-99.8008;167.7981;32.78507;23.9713;193.2811;12.67048;58.90554;219.8629;-56.76862;79.87193;219.6523;-71.4638;102.2226;209.9093;-68.265;122.5179;192.8214;-51.05194;-36.32505;148.9899;14.3385;-70.79264;172.6271;-48.87671;-90.71317;183.1266;-63.63121;-114.7485;185.1797;-57.69262;-138.5634;177.403;-36.89431;0;0
6.628294;12.67414;115.1542;173.5386;14.30472;-99.8008;167.7981;32.78507;23.9713;193.2811;12.67048;58.90554;219.8629;-56.76862;79.87193;219.6523;-71.4638;102.2226;209.9093;-68.265;122.5179;192.8214;-51.05194;-36.32505;148.9899;14.3385;-70.79264;172.6271;-48.87671;-90.71317;183.1266;-63.63121;-114.7485;185.1797;-57.69262;-138.5634;177.403;-36.89431;0;0
28.68942;34.51334;114.9167;173.8372;13.81403;-99.42242;168.7629;32.56823;23.9713;193.2811;12.67048;58.90554;219.8629;-56.76862;79.87193;219.6523;-71.4638;102.2226;209.9093;-68.265;122.5179;192.8214;-51.05194;-36.0761;149.2935;13.88426;-70.60484;174.0663;-48.70523;-90.14312;185.0623;-63.52964;-114.0506;186.9732;-57.74921;-138.0169;179.3214;-37.32408;0;0
73.2074;115.9763;114.9188;175.1025;13.7442;-98.9342;170.5182;32.35215;23.9713;193.2811;12.67048;58.90554;219.8629;-56.76862;79.87193;219.6523;-71.4638;102.2226;209.9093;-68.265;122.5179;192.8214;-51.05194;-35.59676;149.6345;12.59101;-71.43921;167.5569;-45.76227;-88.08279;178.0879;-61.79257;-111.8275;181.7822;-57.14822;-135.8371;178.5034;-37.7429;0;0
117.97;95.92529;115.9267;178.7628;12.57201;-98.97549;173.9799;30.01271;23.9713;193.2811;12.67048;58.90554;219.8629;-56.76862;79.87193;219.6523;-71.4638;102.2226;209.9093;-68.265;122.5179;192.8214;-51.05194;-36.57274;148.5018;7.44783;-70.25774;145.8558;-22.69319;-83.00924;145.5793;-34.51147;-104.5788;154.0217;-42.67972;-133.8334;171.9698;-38.06751;0.01341919;0
128.679;79.47204;116.9842;181.0809;11.79182;-99.11144;175.5665;29.59698;23.9713;193.2811;12.67048;58.90554;219.8629;-56.76862;79.87193;219.6523;-71.4638;102.2226;209.9093;-68.265;122.5179;192.8214;-51.05194;-37.57886;147.4896;5.565117;-69.9167;141.8067;-10.19919;-80.18212;138.264;-18.10343;-98.67485;141.4993;-23.97375;-129.3422;163.2056;-30.9686;0.7008329;0.1131518
128.679;79.47204;116.9842;181.0809;11.79182;-99.11144;175.5665;29.59698;23.9713;193.2811;12.67048;58.90554;219.8629;-56.76862;79.87193;219.6523;-71.4638;102.2226;209.9093;-68.265;122.5179;192.8214;-51.05194;-37.57886;147.4896;5.565117;-69.9167;141.8067;-10.19919;-80.18212;138.264;-18.10343;-98.67485;141.4993;-23.97375;-129.3422;163.2056;-30.9686;0.7008329;0.1131518
45.13491;111.4905;118.1699;183.6613;11.05655;-98.71319;180.8018;30.25132;23.9713;193.2811;12.67048;58.90554;219.8629;-56.76862;79.87193;219.6523;-71.4638;102.2226;209.9093;-68.265;122.5179;192.8214;-51.05194;-38.49457;149.1853;4.107302;-73.16516;148.2878;12.36517;-83.82643;144.6194;15.09744;-97.63667;144.1069;17.45738;-112.0443;149.905;11.63954;1;1
59.18917;135.2959;118.3662;184.8011;11.4545;-97.9367;183.0569;31.71036;23.9713;193.2811;12.67048;58.90554;219.8629;-56.76862;79.87193;219.6523;-71.4638;102.2226;209.9093;-68.265;122.5179;192.8214;-51.05194;-39.86562;152.1159;3.084469;-75.42398;153.0383;18.02958;-86.68543;150.0326;20.33537;-100.3524;150.2656;23.14208;-112.1617;153.8018;19.61466;1;1
37.97593;138.6046;117.882;185.1858;10.87722;-96.519;184.5869;33.98704;23.9713;193.2811;12.67048;58.90554;219.8629;-56.76862;79.87193;219.6523;-71.4638;102.2226;209.9093;-68.265;122.5179;192.8214;-51.05194;-43.61514;155.8633;3.035199;-77.31034;155.2457;27.06286;-88.84691;153.2442;29.33092;-102.5538;153.5089;31.34168;-113.027;157.8303;27.2938;1;1
37.97593;138.6046;117.882;185.1858;10.87722;-96.519;184.5869;33.98704;23.9713;193.2811;12.67048;58.90554;219.8629;-56.76862;79.87193;219.6523;-71.4638;102.2226;209.9093;-68.265;122.5179;192.8214;-51.05194;-43.61514;155.8633;3.035199;-77.31034;155.2457;27.06286;-88.84691;153.2442;29.33092;-102.5538;153.5089;31.34168;-113.027;157.8303;27.2938;1;1
27.62156;93.0961;117.5906;185.2368;11.44859;-95.58724;184.9645;35.90839;23.9713;193.2811;12.67048;58.90554;219.8629;-56.76862;79.87193;219.6523;-71.4638;102.2226;209.9093;-68.265;122.5179;192.8214;-51.05194;-46.23253;158.5174;4.340939;-76.61206;153.6286;31.45501;-87.52306;152.5826;34.18745;-101.8649;153.0723;35.41482;-113.1106;158.3704;30.90651;1;1
59.06307;41.17702;117.104;184.4904;12.4091;-95.02686;184.323;36.23813;23.9713;193.2811;12.67048;58.90554;219.8629;-56.76862;79.87193;219.6523;-71.4638;102.2226;209.9093;-68.265;122.5179;192.8214;-51.05194;-47.57249;158.2247;5.107315;-75.72878;151.17;32.12604;-86.47264;150.9859;35.83042;-100.7422;151.6445;36.61076;-112.5019;157.2234;31.53863;1;1
59.06307;41.17702;117.104;184.4904;12.4091;-95.02686;184.323;36.23813;23.9713;193.2811;12.67048;58.90554;219.8629;-56.76862;79.87193;219.6523;-71.4638;102.2226;209.9093;-68.265;122.5179;192.8214;-51.05194;-47.57249;158.2247;5.107315;-75.72878;151.17;32.12604;-86.47264;150.9859;35.83042;-100.7422;151.6445;36.61076;-112.5019;157.2234;31.53863;1;1
77.87666;51.46271;116.379;181.8967;11.44697;-92.46421;183.661;36.61486;23.9713;193.2811;12.67048;58.90554;219.8629;-56.76862;79.87193;219.6523;-71.4638;102.2226;209.9093;-68.265;122.5179;192.8214;-51.05194;-45.42005;155.1921;7.786578;-74.08546;149.3026;31.46095;-85.95729;150.1103;35.42975;-100.1703;151.4984;35.69094;-111.3496;157.4834;30.05708;1;1
468.534;1266.293;115.9804;182.1907;9.34387;-92.14911;185.6716;34.85952;23.9713;193.2811;12.67048;58.90554;219.8629;-56.76862;79.87193;219.6523;-71.4638;102.2226;209.9093;-68.265;122.5179;192.8214;-51.05194;-32.6768;156.3677;11.58131;-69.91672;153.5147;23.27605;-81.7354;150.9705;25.10304;-95.94618;151.3587;26.96816;-108.4825;157.125;23.05478;1;1
56.8155;74.77556;117.5659;179.2457;7.798717;-94.73708;182.6327;32.10623;23.9713;193.2811;12.67048;58.90554;219.8629;-56.76862;79.87193;219.6523;-71.4638;102.2226;209.9093;-68.265;122.5179;192.8214;-51.05194;-20.651;155.5612;19.64278;-59.39522;149.7112;-13.59214;-69.18839;149.5013;-26.83505;-88.96454;149.9255;-29.74257;-111.2848;154.7888;-21.96047;0.8229724;0.5446547
205.8497;230.6897;116.2148;164.2005;5.10434;-98.43294;163.9669;30.84895;23.9713;193.2811;12.67048;58.90554;219.8629;-56.76862;79.87193;219.6523;-71.4638;102.2226;209.9093;-68.265;122.5179;192.8214;-51.05194;-19.23486;139.1557;22.55751;-61.41292;187.7228;-49.49443;-94.888;198.199;-61.50224;-130.6439;199.7914;-52.93194;-159.86;182.0638;-30.73254;0;0
2182.371;404.4745;116.4556;162.4337;5.115727;-98.46312;160.7264;29.17268;23.9713;193.2811;12.67048;58.90554;219.8629;-56.76862;79.87193;219.6523;-71.4638;102.2226;209.9093;-68.265;122.5179;192.8214;-51.05194;-21.88259;136.3997;18.6342;-61.23608;185.488;-51.00975;-96.36029;200.7177;-63.0324;-131.0011;200.1476;-53.90854;-160.1271;181.703;-31.41248;0;0
316.2065;371.0472;119.5449;171.3713;3.44456;-99.78297;168.0564;26.86862;23.9713;193.2811;12.67048;58.90554;219.8629;-56.76862;79.87193;219.6523;-71.4638;102.2226;209.9093;-68.265;122.5179;192.8214;-51.05194;-60.10971;124.9067;-1.609747;-74.01157;144.1687;-0.8779316;-88.12747;137.0485;2.408966;-104.741;135.9154;3.674967;-121.7756;143.9848;0.3851337;1;1
172.9788;125.6652;118.5332;177.3449;6.853764;-98.90531;172.9296;25.87432;23.9713;193.2811;12.67048;58.90554;219.8629;-56.76862;79.87193;219.6523;-71.4638;102.2226;209.9093;-68.265;122.5179;192.8214;-51.05194;-89.61954;134.2038;-9.404586;-79.62331;139.7732;18.00233;-87.9556;136.1658;21.5833;-100.4859;136.4696;24.19325;-111.4652;143.1315;19.33004;1;1
168.3661;189.2815;116.2677;177.5486;13.23287;-96.76086;177.9951;30.6863;23.9713;193.2811;12.67048;58.90554;219.8629;-56.76862;79.87193;219.6523;-71.4638;102.2226;209.9093;-68.265;122.5179;192.8214;-51.05194;-85.61205;143.2017;-4.649091;-77.74431;145.763;31.98354;-87.22656;143.3322;31.78102;-100.0146;143.7901;33.40461;-111.0381;150.513;28.9231;1;1
70.19547;95.30878;115.928;178.4666;11.90669;-93.74496;178.0905;33.03072;23.9713;193.2811;12.67048;58.90554;219.8629;-56.76862;79.87193;219.6523;-71.4638;102.2226;209.9093;-68.265;122.5179;192.8214;-51.05194;-78.30039;139.5102;0.5979853;-74.49368;142.2066;29.05269;-83.84811;140.3525;31.50239;-96.82896;142.1527;33.98732;-107.9379;149.191;30.04668;1;1
57.99088;140.6537;116.4765;178.9014;10.54099;-90.96761;175.6674;32.51196;23.9713;193.2811;12.67048;58.90554;219.8629;-56.76862;79.87193;219.6523;-71.4638;102.2226;209.9093;-68.265;122.5179;192.8214;-51.05194;-78.21156;131.6587;3.34781;-69.8117;137.6529;28.00418;-78.57791;135.0764;30.91479;-91.24726;137.0807;33.56013;-102.5601;144.2093;29.55083;1;1
446.2446;552.1992;116.5616;174.6245;8.459396;-90.44101;168.577;32.95905;23.9713;193.2811;12.67048;58.90554;219.8629;-56.76862;79.87193;219.6523;-71.4638;102.2226;209.9093;-68.265;122.5179;192.8214;-51.05194;-69.157;120.9144;5.524698;-49.37244;127.9845;-18.14598;-70.0136;133.4943;-31.08632;-89.45317;129.0194;-28.18131;-111.9008;136.2313;-24.14765;0.3590654;0.1207574
309.3929;253.4843;120.1226;162.1445;7.771237;-95.44401;161.7197;40.75931;23.9713;193.2811;12.67048;58.90554;219.8629;-56.76862;79.87193;219.6523;-71.4638;102.2226;209.9093;-68.265;122.5179;192.8214;-51.05194;-53.72895;102.3174;24.55846;-56.66723;146.6265;-40.14474;-80.92997;171.6823;-59.07672;-117.5445;185.558;-53.7053;-154.4985;178.9839;-28.37555;0;0
133.7708;78.07552;119.6683;159.5455;5.017122;-96.77118;163.0385;39.55322;23.9713;193.2811;12.67048;58.90554;219.8629;-56.76862;79.87193;219.6523;-71.4638;102.2226;209.9093;-68.265;122.5179;192.8214;-51.05194;-51.08893;104.4247;18.52037;-58.09971;152.2766;-39.84433;-82.69655;179.3056;-59.16451;-117.6144;190.1713;-52.53078;-153.9115;184.2785;-27.44056;0;0
456.4353;1024.91;119.751;163.3094;1.470733;-97.04111;174.7683;34.77981;23.9713;193.2811;12.67048;58.90554;219.8629;-56.76862;79.87193;219.6523;-71.4638;102.2226;209.9093;-68.265;122.5179;192.8214;-51.05194;-68.83929;126.7187;-2.041214;-70.56043;139.0683;-2.083666;-85.09495;142.5172;3.666192;-104.524;153.3724;-7.935188;-125.4101;157.623;-21.34315;1;0.9045081
200.9119;222.3708;120.1887;173.2196;1.581308;-96.65698;186.9607;33.92232;23.9713;193.2811;12.67048;58.90554;219.8629;-56.76862;79.87193;219.6523;-71.4638;102.2226;209.9093;-68.265;122.5179;192.8214;-51.05194;-85.60036;155.3322;-6.706045;-80.09657;154.1024;35.52889;-88.59129;152.0157;34.93189;-102.1148;152.0175;36.98966;-111.7616;157.1528;33.04056;1;1
65.33608;30.52369;119.8576;176.9958;8.3358;-96.02312;189.431;36.72404;23.9713;193.2811;12.67048;58.90554;219.8629;-56.76862;79.87193;219.6523;-71.4638;102.2226;209.9093;-68.265;122.5179;192.8214;-51.05194;-87.15334;156.7397;-0.3279438;-76.78883;156.9682;35.46759;-85.80844;153.613;34.81596;-98.20316;154.3064;37.04723;-109.2599;160.8066;33.32244;1;1
67.14735;141.4684;120.8566;176.0345;4.555613;-93.27984;184.8611;35.75127;23.9713;193.2811;12.67048;58.90554;219.8629;-56.76862;79.87193;219.6523;-71.4638;102.2226;209.9093;-68.265;122.5179;192.8214;-51.05194;-63.64337;136.8331;3.467148;-62.35034;148.2767;3.291099;-70.2828;145.2703;-20.35507;-90.89735;148.0882;-23.91397;-115.1447;156.1494;-20.51426;1;0.6176572
357.2075;742.4023;121.2433;174.2081;2.141244;-94.06628;180.2072;39.98891;23.9713;193.2811;12.67048;58.90554;219.8629;-56.76862;79.87193;219.6523;-71.4638;102.2226;209.9093;-68.265;122.5179;192.8214;-51.05194;-58.08694;124.6525;12.51063;-55.83033;148.3796;-21.43987;-77.28891;171.8872;-49.77931;-110.4381;181.7381;-49.22012;-135.6278;171.0892;-27.9229;1;0
192.1985;46.10023;123.1129;162.1423;5.93042;-94.3431;173.2114;44.03553;23.9713;193.2811;12.67048;58.90554;219.8629;-56.76862;79.87193;219.6523;-71.4638;102.2226;209.9093;-68.265;122.5179;192.8214;-51.05194;-66.56178;119.5538;11.20605;-59.92767;149.1857;-32.99244;-77.26186;173.3799;-51.456;-113.0805;188.5713;-47.08786;-145.1642;185.0252;-25.59678;0;0
97.73624;664.5941;123.4676;162.0891;6.688485;-93.30303;179.121;37.38844;23.9713;193.2811;12.67048;58.90554;219.8629;-56.76862;79.87193;219.6523;-71.4638;102.2226;209.9093;-68.265;122.5179;192.8214;-51.05194;-76.29616;133.5042;-1.696861;-68.49715;145.2431;-0.4354682;-81.71989;137.8438;3.155357;-101.019;152.7645;-7.241137;-123.2149;156.127;-3.534839;0.1446292;1
401.5749;258.3212;121.0774;179.9697;8.865813;-93.95535;183.485;35.60102;23.9713;193.2811;12.67048;58.90554;219.8629;-56.76862;79.87193;219.6523;-71.4638;102.2226;209.9093;-68.265;122.5179;192.8214;-51.05194;-85.28394;144.8889;1.927673;-76.07748;148.8463;33.17597;-84.52237;147.1508;35.36484;-97.28506;148.5854;37.91331;-108.4799;155.2082;33.64103;1;1
169.1726;325.6125;122.6068;181.9004;4.611096;-93.32507;171.7399;37.77411;23.9713;193.2811;12.67048;58.90554;219.8629;-56.76862;79.87193;219.6523;-71.4638;102.2226;209.9093;-68.265;122.5179;192.8214;-51.05194;-58.12381;125.4967;10.89025;-57.80882;134.9821;-18.4938;-73.9001;139.901;-34.38426;-103.2589;144.961;-35.95549;-130.7792;143.9166;-19.80618;0.7103036;0
312.0083;760.6695;119.8632;169.7559;1.700336;-94.13354;174.8974;36.93376;23.9713;193.2811;12.67048;58.90554;219.8629;-56.76862;79.87193;219.6523;-71.4638;102.2226;209.9093;-68.265;122.5179;192.8214;-51.05194;-64.83277;124.3369;6.444271;-70.18993;144.217;5.781931;-83.05664;141.4182;9.97159;-99.82093;143.1688;12.46014;-117.4099;150.0926;8.380978;1;1
140.0473;285.1813;122.1245;179.3327;0.6564121;-93.6284;189.3938;35.34795;23.9713;193.2811;12.67048;58.90554;219.8629;-56.76862;79.87193;219.6523;-71.4638;102.2226;209.9093;-68.265;122.5179;192.8214;-51.05194;-87.62405;157.2088;-3.793684;-75.98242;156.8921;35.1885;-84.28941;154.9166;36.75131;-96.41483;155.8095;39.79464;-106.1055;161.0121;36.11267;1;1
226.4125;231.1279;121.6273;182.6613;2.874668;-93.20849;192.5384;37.96832;23.9713;193.2811;12.67048;58.90554;219.8629;-56.76862;79.87193;219.6523;-71.4638;102.2226;209.9093;-68.265;122.5179;192.8214;-51.05194;-88.05984;159.1767;0.04563808;-73.6297;159.2748;37.23396;-82.35088;156.2751;37.65839;-94.46394;157.7949;40.44136;-105.3399;163.8607;37.15739;1;1
109.6294;123.5416;121.0848;183.6082;5.138628;-93.3495;194.4961;40.01015;23.9713;193.2811;12.67048;58.90554;219.8629;-56.76862;79.87193;219.6523;-71.4638;102.2226;209.9093;-68.265;122.5179;192.8214;-51.05194;-85.62174;159.586;2.890897;-74.02306;160.9451;37.9875;-82.6644;158.181;38.98476;-94.85006;159.4331;41.81253;-105.9179;165.6589;37.96924;1;1
20.89987;30.85781;119.9507;183.2216;5.466135;-92.55908;196.6733;40.87117;23.9713;193.2811;12.67048;58.90554;219.8629;-56.76862;79.87193;219.6523;-71.4638;102.2226;209.9093;-68.265;122.5179;192.8214;-51.05194;-73.30907;159.0205;2.692451;-72.62289;161.0949;33.83303;-81.10932;158.6817;38.41451;-93.70923;160.1921;41.91376;-105.6231;165.9492;38.2564;1;1
53.92858;78.09381;120.4449;184.2502;4.814147;-92.77291;195.4713;39.41115;23.9713;193.2811;12.67048;58.90554;219.8629;-56.76862;79.87193;219.6523;-71.4638;102.2226;209.9093;-68.265;122.5179;192.8214;-51.05194;-69.27216;155.6351;4.341972;-68.48209;161.4657;25.20833;-76.92174;156.8074;27.01269;-90.71289;156.9973;30.48742;-103.9496;162.9282;28.61619;1;1
72.58028;229.7672;121.1308;183.6987;3.565505;-93.3087;190.7136;38.72878;23.9713;193.2811;12.67048;58.90554;219.8629;-56.76862;79.87193;219.6523;-71.4638;102.2226;209.9093;-68.265;122.5179;192.8214;-51.05194;-58.10127;146.7905;7.471244;-62.00571;158.8551;2.801289;-72.92021;156.2183;-12.92415;-92.07897;156.7888;-10.16475;-111.7319;158.6668;-2.729423;1;0.769712
137.3213;328.8623;122.2102;180.4222;1.261301;-93.95612;181.1299;41.26575;23.9713;193.2811;12.67048;58.90554;219.8629;-56.76862;79.87193;219.6523;-71.4638;102.2226;209.9093;-68.265;122.5179;192.8214;-51.05194;-41.85155;123.2169;23.50343;-59.72487;153.042;-18.36307;-78.84498;163.4554;-38.08502;-107.2441;166.1167;-37.30712;-135.3374;162.6667;-19.16932;0.8017976;0.1616234
344.3257;210.0973;118.7399;165.658;3.779907;-95.54774;168.8465;42.11987;23.9713;193.2811;12.67048;58.90554;219.8629;-56.76862;79.87193;219.6523;-71.4638;102.2226;209.9093;-68.265;122.5179;192.8214;-51.05194;-45.7116;104.9412;29.99967;-62.23843;148.0735;-32.98451;-84.65594;162.4122;-49.20729;-117.8851;173.2742;-46.33136;-151.3565;168.2718;-23.03508;0;0
65.89317;144.5609;118.6082;164.7986;3.220376;-95.33599;167.3944;40.38999;23.9713;193.2811;12.67048;58.90554;219.8629;-56.76862;79.87193;219.6523;-71.4638;102.2226;209.9093;-68.265;122.5179;192.8214;-51.05194;-47.49414;105.5923;24.09945;-62.67128;149.444;-36.00218;-84.36383;160.2363;-50.19102;-117.1507;171.5093;-47.98661;-150.3611;168.4748;-25.32206;0.08652659;0
351.6427;549.107;118.4025;170.1189;-1.028013;-95.6876;177.7356;35.04629;23.9713;193.2811;12.67048;58.90554;219.8629;-56.76862;79.87193;219.6523;-71.4638;102.2226;209.9093;-68.265;122.5179;192.8214;-51.05194;-71.44671;130.4203;1.967398;-74.26094;146.5186;13.55153;-86.03196;142.2196;18.77583;-101.4164;145.923;20.51284;-119.1068;152.861;16.73218;1;1
66.47755;57.84119;118.6278;187.0192;6.942218;-93.42145;193.9698;40.51321;23.9713;193.2811;12.67048;58.90554;219.8629;-56.76862;79.87193;219.6523;-71.4638;102.2226;209.9093;-68.265;122.5179;192.8214;-51.05194;-74.5121;153.2277;2.929181;-73.6233;156.706;32.6233;-82.86753;155.1645;38.64732;-95.56512;156.7499;42.3354;-107.3346;163.045;38.88429;1;1
64.83602;88.9603;118.3672;186.8095;6.019756;-94.03471;192.8528;40.07872;23.9713;193.2811;12.67048;58.90554;219.8629;-56.76862;79.87193;219.6523;-71.4638;102.2226;209.9093;-68.265;122.5179;192.8214;-51.05194;-70.42743;148.638;5.650251;-68.71497;155.7661;19.74305;-78.64335;151.9396;24.24583;-93.13732;152.2499;27.77169;-107.2112;158.5041;26.74756;1;1
158.4261;238.4509;119.166;184.4502;3.391222;-94.63361;187.5689;41.27457;23.9713;193.2811;12.67048;58.90554;219.8629;-56.76862;79.87193;219.6523;-71.4638;102.2226;209.9093;-68.265;122.5179;192.8214;-51.05194;-61.52152;140.5257;11.37317;-63.14452;152.0391;-3.565716;-76.34097;149.8032;-15.14806;-98.32928;152.9996;-16.02367;-121.4096;157.1077;-6.225434;0.9839407;0.441499
296.1001;378.0002;118.2392;177.4372;4.215461;-95.65809;178.978;44.06813;23.9713;193.2811;12.67048;58.90554;219.8629;-56.76862;79.87193;219.6523;-71.4638;102.2226;209.9093;-68.265;122.5179;192.8214;-51.05194;-47.88934;121.6223;25.62591;-61.68509;147.4447;-21.17068;-79.86397;153.834;-36.96202;-109.8405;159.4836;-34.64426;-139.6392;159.76;-17.03686;0.3573654;0.05764657
342.0628;299.4225;117.5849;170.1456;4.909376;-96.96392;172.8156;45.39259;23.9713;193.2811;12.67048;58.90554;219.8629;-56.76862;79.87193;219.6523;-71.4638;102.2226;209.9093;-68.265;122.5179;192.8214;-51.05194;-47.96797;112.1185;31.08717;-62.08582;145.5309;-28.67212;-83.30388;155.4306;-43.89806;-116.0978;164.0507;-40.45991;-149.1387;162.731;-19.0456;0.0609511;0
154.2006;166.6406;117.5544;166.7969;3.929182;-96.99913;169.2996;44.02999;23.9713;193.2811;12.67048;58.90554;219.8629;-56.76862;79.87193;219.6523;-71.4638;102.2226;209.9093;-68.265;122.5179;192.8214;-51.05194;-49.91649;106.6099;28.92759;-63.64479;146.9576;-33.16473;-85.82462;159.5097;-48.44847;-119.092;170.1404;-45.36518;-152.2833;167.2099;-21.92594;0.1599359;0
154.2006;166.6406;117.5544;166.7969;3.929182;-96.99913;169.2996;44.02999;23.9713;193.2811;12.67048;58.90554;219.8629;-56.76862;79.87193;219.6523;-71.4638;102.2226;209.9093;-68.265;122.5179;192.8214;-51.05194;-49.91649;106.6099;28.92759;-63.64479;146.9576;-33.16473;-85.82462;159.5097;-48.44847;-119.092;170.1404;-45.36518;-152.2833;167.2099;-21.92594;0.1599359;0
49.79662;105.4371;117.149;165.9482;3.273829;-96.95797;168.6165;41.70132;23.9713;193.2811;12.67048;58.90554;219.8629;-56.76862;79.87193;219.6523;-71.4638;102.2226;209.9093;-68.265;122.5179;192.8214;-51.05194;-51.51551;108.624;22.11326;-64.63986;151.3858;-37.04589;-87.28345;161.6888;-50.34081;-119.905;171.4992;-46.55701;-152.2479;169.3106;-23.19354;0.1969321;0
54.12634;110.5459;117.3626;166.689;2.312593;-97.71886;170.9533;41.15985;23.9713;193.2811;12.67048;58.90554;219.8629;-56.76862;79.87193;219.6523;-71.4638;102.2226;209.9093;-68.265;122.5179;192.8214;-51.05194;-56.68054;116.853;14.34719;-68.9939;145.0388;-25.33261;-86.37861;152.4983;-40.45546;-116.3319;163.8248;-41.73339;-144.934;163.9003;-22.09689;0.5768538;0.035601
258.1956;282.9779;118.4018;171.546;-0.7182873;-97.32919;176.701;38.42475;23.9713;193.2811;12.67048;58.90554;219.8629;-56.76862;79.87193;219.6523;-71.4638;102.2226;209.9093;-68.265;122.5179;192.8214;-51.05194;-68.47852;128.6533;5.001347;-73.75979;142.4149;-0.2778921;-84.63;139.8251;3.302785;-103.3955;143.8362;3.410208;-129.0409;160.6315;-3.34687;1;0.812249
314.3481;303.0438;120.8659;178.1848;-1.425227;-97.47057;183.0403;35.80529;23.9713;193.2811;12.67048;58.90554;219.8629;-56.76862;79.87193;219.6523;-71.4638;102.2226;209.9093;-68.265;122.5179;192.8214;-51.05194;-79.04346;144.3882;-2.57264;-76.84455;151.4608;20.97992;-86.45645;146.7174;28.24427;-98.93925;146.1308;31.84839;-112.9694;155.1522;25.89313;1;1
314.3481;303.0438;120.8659;178.1848;-1.425227;-97.47057;183.0403;35.80529;23.9713;193.2811;12.67048;58.90554;219.8629;-56.76862;79.87193;219.6523;-71.4638;102.2226;209.9093;-68.265;122.5179;192.8214;-51.05194;-79.04346;144.3882;-2.57264;-76.84455;151.4608;20.97992;-86.45645;146.7174;28.24427;-98.93925;146.1308;31.84839;-112.9694;155.1522;25.89313;1;1
149.8912;266.7972;120.7477;180.8329;0.7275618;-96.76379;188.8968;37.27023;23.9713;193.2811;12.67048;58.90554;219.8629;-56.76862;79.87193;219.6523;-71.4638;102.2226;209.9093;-68.265;122.5179;192.8214;-51.05194;-81.60166;156.0347;-4.446472;-77.91093;155.6129;31.30894;-86.0736;153.8745;38.33259;-98.1521;154.4776;42.46001;-108.5747;158.3915;38.42187;1;1
126.9459;136.978;117.4447;182.0087;6.832308;-95.48346;195.487;41.99257;23.9713;193.2811;12.67048;58.90554;219.8629;-56.76862;79.87193;219.6523;-71.4638;102.2226;209.9093;-68.265;122.5179;192.8214;-51.05194;-82.23958;162.9614;0.8378677;-75.87737;161.4106;38.72903;-84.01199;159.7142;41.28851;-96.16114;161.3206;44.56622;-107.7675;167.0313;41.14486;1;1
126.9459;136.978;117.4447;182.0087;6.832308;-95.48346;195.487;41.99257;23.9713;193.2811;12.67048;58.90554;219.8629;-56.76862;79.87193;219.6523;-71.4638;102.2226;209.9093;-68.265;122.5179;192.8214;-51.05194;-82.23958;162.9614;0.8378677;-75.87737;161.4106;38.72903;-84.01199;159.7142;41.28851;-96.16114;161.3206;44.56622;-107.7675;167.0313;41.14486;1;1
118.6253;137.6689;116.1755;179.9843;2.685167;-93.34608;190.8416;40.72484;23.9713;193.2811;12.67048;58.90554;219.8629;-56.76862;79.87193;219.6523;-71.4638;102.2226;209.9093;-68.265;122.5179;192.8214;-51.05194;-65.53432;144.2295;8.394557;-64.60928;155.6641;12.04447;-75.28929;150.4712;15.10026;-91.05238;149.5169;17.91581;-107.1834;155.845;18.35934;1;1
224.2623;288.8155;115.9879;174.1954;2.268513;-94.69083;183.7356;42.62781;23.9713;193.2811;12.67048;58.90554;219.8629;-56.76862;79.87193;219.6523;-71.4638;102.2226;209.9093;-68.265;122.5179;192.8214;-51.05194;-55.59032;131.9642;16.45461;-62.64346;152.1321;-9.079232;-78.15115;151.0504;-20.87088;-102.2366;153.723;-21.37175;-126.7941;156.2773;-9.05904;0.74415;0.3241307
330.0536;397.544;116.0795;168.2957;4.140117;-95.8895;176.6324;44.55103;23.9713;193.2811;12.67048;58.90554;219.8629;-56.76862;79.87193;219.6523;-71.4638;102.2226;209.9093;-68.265;122.5179;192.8214;-51.05194;-48.18562;119.4017;25.83473;-60.65996;146.9798;-22.53486;-79.81038;152.8819;-38.48224;-111.4953;161.039;-38.42412;-141.8434;159.7679;-18.54449;0;0
147.0457;133.503;117.5184;166.1249;3.927605;-98.30934;172.9312;43.41505;23.9713;193.2811;12.67048;58.90554;219.8629;-56.76862;79.87193;219.6523;-71.4638;102.2226;209.9093;-68.265;122.5179;192.8214;-51.05194;-57.71155;119.2498;16.50297;-66.57912;148.8908;-21.77784;-84.25265;157.8351;-37.04698;-114.3058;168.0051;-39.88676;-143.1491;166.2253;-20.8428;1;0.04524012
276.4466;343.6867;119.1476;170.8479;0.3283261;-97.83237;178.3307;38.00936;23.9713;193.2811;12.67048;58.90554;219.8629;-56.76862;79.87193;219.6523;-71.4638;102.2226;209.9093;-68.265;122.5179;192.8214;-51.05194;-74.57289;129.4226;4.683199;-75.78734;144.635;7.900343;-87.95194;142.7497;14.32804;-104.7639;145.8911;16.2609;-126.0816;160.1667;7.280046;1;1
203.4276;247.8412;119.3302;178.8218;2.252081;-98.65072;189.6262;36.81418;23.9713;193.2811;12.67048;58.90554;219.8629;-56.76862;79.87193;219.6523;-71.4638;102.2226;209.9093;-68.265;122.5179;192.8214;-51.05194;-93.16358;156.7505;-1.723699;-80.18314;158.8782;34.1861;-87.49211;155.8148;36.53955;-99.41055;155.3186;39.87415;-109.4058;159.8402;36.44108;1;1
120.1283;174.8482;119.4761;180.0651;5.41053;-98.40459;193.7268;39.56696;23.9713;193.2811;12.67048;58.90554;219.8629;-56.76862;79.87193;219.6523;-71.4638;102.2226;209.9093;-68.265;122.5179;192.8214;-51.05194;-93.26694;161.7985;1.628061;-79.11546;162.7058;37.69884;-87.59155;159.7725;38.38465;-99.96812;159.8789;41.32886;-110.409;165.2185;38.52407;1;1
62.30807;22.53528;119.3168;181.1329;4.110221;-97.34591;194.9461;40.51225;23.9713;193.2811;12.67048;58.90554;219.8629;-56.76862;79.87193;219.6523;-71.4638;102.2226;209.9093;-68.265;122.5179;192.8214;-51.05194;-81.41426;155.5037;5.555607;-75.04878;161.8844;30.1568;-83.56969;157.8024;34.39252;-96.68182;157.7982;37.70996;-109.2062;163.5891;34.78312;1;1
178.7033;419.0423;119.8928;176.3028;0.9818513;-97.95424;183.4899;43.04501;23.9713;193.2811;12.67048;58.90554;219.8629;-56.76862;79.87193;219.6523;-71.4638;102.2226;209.9093;-68.265;122.5179;192.8214;-51.05194;-59.96791;133.622;15.13047;-64.82205;151.7659;-11.39744;-79.41747;150.6547;-23.3574;-104.8956;154.2937;-25.98543;-132.2892;158.1771;-13.18056;1;0.1596868
312.235;414.1592;120.1832;168.9148;3.649541;-99.80338;173.5449;45.57097;23.9713;193.2811;12.67048;58.90554;219.8629;-56.76862;79.87193;219.6523;-71.4638;102.2226;209.9093;-68.265;122.5179;192.8214;-51.05194;-55.47008;117.4103;26.06246;-62.61507;145.828;-27.55276;-83.7319;155.1826;-44.22815;-118.9421;168.5423;-44.58814;-153.5677;165.0436;-21.69082;0.02487262;0
119.2396;149.8279;120.5804;160.6344;5.201169;-102.1357;163.1272;43.47179;23.9713;193.2811;12.67048;58.90554;219.8629;-56.76862;79.87193;219.6523;-71.4638;102.2226;209.9093;-68.265;122.5179;192.8214;-51.05194;-55.22438;100.6219;30.68924;-67.84425;143.4095;-36.7447;-92.65936;158.2418;-52.59845;-126.85;168.5377;-47.77407;-160.3389;165.1339;-22.49749;0;0
18.79246;102.6869;120.891;160.9533;5.215689;-102.2684;162.2896;41.1903;23.9713;193.2811;12.67048;58.90554;219.8629;-56.76862;79.87193;219.6523;-71.4638;102.2226;209.9093;-68.265;122.5179;192.8214;-51.05194;-55.45294;100.2348;26.61569;-67.63927;144.8084;-38.38932;-92.06693;158.6585;-54.24396;-124.9323;166.2562;-49.35077;-157.6518;163.0149;-24.96169;0.07846454;0
103.9916;69.42873;121.7811;162.7122;4.743545;-101.8549;163.541;40.88277;23.9713;193.2811;12.67048;58.90554;219.8629;-56.76862;79.87193;219.6523;-71.4638;102.2226;209.9093;-68.265;122.5179;192.8214;-51.05194;-59.94546;104.5461;20.78561;-71.51848;136.2254;-29.14075;-90.47026;138.6703;-38.7585;-119.0866;147.1096;-38.48767;-148.1049;150.0134;-20.18962;0.597352;0.07671359
243.4686;302.9898;123.1842;172.7302;-0.7434612;-100.017;175.8011;33.07354;23.9713;193.2811;12.67048;58.90554;219.8629;-56.76862;79.87193;219.6523;-71.4638;102.2226;209.9093;-68.265;122.5179;192.8214;-51.05194;-85.65591;132.0695;0.4780121;-78.69438;139.5573;19.51098;-88.02457;137.5686;29.78344;-100.435;137.89;33.98693;-112.5499;145.0299;28.68272;1;1
211.4051;284.7932;123.4426;176.5616;2.299142;-97.53804;181.7821;34.35581;23.9713;193.2811;12.67048;58.90554;219.8629;-56.76862;79.87193;219.6523;-71.4638;102.2226;209.9093;-68.265;122.5179;192.8214;-51.05194;-88.24153;143.7647;-1.849482;-78.41324;147.0177;27.21444;-86.8625;147.2866;36.29281;-98.93594;148.2788;40.6509;-109.1316;152.2631;36.99578;1;1
120.3953;176.8623;122.8064;178.5979;6.444719;-96.53165;187.881;37.30527;23.9713;193.2811;12.67048;58.90554;219.8629;-56.76862;79.87193;219.6523;-71.4638;102.2226;209.9093;-68.265;122.5179;192.8214;-51.05194;-88.35201;154.0807;-0.5681314;-77.04092;156.0184;32.92638;-84.62308;153.8412;36.79782;-96.74014;154.0502;40.3689;-107.7593;159.1677;37.09959;1;1
26.71043;98.72385;121.3147;179.6535;7.942502;-94.04563;191.8255;40.15214;23.9713;193.2811;12.67048;58.90554;219.8629;-56.76862;79.87193;219.6523;-71.4638;102.2226;209.9093;-68.265;122.5179;192.8214;-51.05194;-84.65333;153.2958;4.498675;-74.18341;157.4522;34.87893;-81.63816;154.9698;38.37663;-94.17701;156.0075;41.6848;-105.9012;161.7872;38.12352;1;1
189.1945;527.4191;125.3906;183.4538;4.45481;-96.71026;184.159;45.23927;23.9713;193.2811;12.67048;58.90554;219.8629;-56.76862;79.87193;219.6523;-71.4638;102.2226;209.9093;-68.265;122.5179;192.8214;-51.05194;-68.09047;150.0945;10.01032;-59.00787;151.5527;-16.43547;-77.37376;160.0005;-34.12619;-108.0242;165.6524;-33.46211;-141.8811;166.5797;-19.34393;1;0
231.6301;373.2718;126.708;179.6945;1.038401;-96.92734;175.7348;45.9496;23.9713;193.2811;12.67048;58.90554;219.8629;-56.76862;79.87193;219.6523;-71.4638;102.2226;209.9093;-68.265;122.5179;192.8214;-51.05194;-61.8615;135.2446;19.15334;-60.80769;147.0812;-24.69659;-82.04527;157.6591;-41.12393;-116.2122;167.6951;-39.6048;-150.2361;164.7803;-18.35437;1;0
308.8981;222.9752;126.8675;172.7344;2.268019;-96.83521;170.6675;45.35204;23.9713;193.2811;12.67048;58.90554;219.8629;-56.76862;79.87193;219.6523;-71.4638;102.2226;209.9093;-68.265;122.5179;192.8214;-51.05194;-54.79659;114.4489;26.66171;-63.97594;147.5171;-27.50447;-85.20331;156.9601;-42.54199;-117.1395;165.2177;-40.59303;-149.5358;163.1677;-18.66052;0.3096222;0
90.83066;102.8089;125.6709;164.2737;4.069384;-97.79292;173.3733;41.72057;23.9713;193.2811;12.67048;58.90554;219.8629;-56.76862;79.87193;219.6523;-71.4638;102.2226;209.9093;-68.265;122.5179;192.8214;-51.05194;-55.03239;121.2743;13.80095;-70.03877;151.5392;-28.46233;-88.22323;157.6818;-41.97864;-116.526;162.3482;-38.81269;-143.2381;161.2904;-18.92546;0.1714175;0.181441
486.6492;433.1305;125.2498;166.9429;1.595755;-98.06271;186.4765;37.57079;23.9713;193.2811;12.67048;58.90554;219.8629;-56.76862;79.87193;219.6523;-71.4638;102.2226;209.9093;-68.265;122.5179;192.8214;-51.05194;-73.2066;144.6311;0.1508646;-77.30747;153.7121;25.38198;-87.1145;149.6075;32.29176;-99.7228;149.2764;36.12529;-112.3587;155.8405;31.30316;1;1
1972.055;1246.168;123.8379;178.5364;7.706674;-95.99516;198.4866;46.12572;23.9713;193.2811;12.67048;58.90554;219.8629;-56.76862;79.87193;219.6523;-71.4638;102.2226;209.9093;-68.265;122.5179;192.8214;-51.05194;-77.50396;164.2668;4.617838;-76.45685;163.5161;39.00128;-84.42715;162.1457;45.11287;-96.51475;163.9941;49.23838;-108.6655;169.2762;45.82495;1;1
56.20442;75.05585;122.337;180.3013;7.544962;-93.72675;198.9829;45.17296;23.9713;193.2811;12.67048;58.90554;219.8629;-56.76862;79.87193;219.6523;-71.4638;102.2226;209.9093;-68.265;122.5179;192.8214;-51.05194;-69.94485;158.1569;7.753908;-68.59814;161.7904;22.79911;-78.55151;157.4872;29.01683;-92.55733;158.8011;34.74026;-105.9006;165.6229;33.7712;1;1
59.1703;223.2838;122.9393;181.3226;7.371754;-93.68372;194.6667;43.82617;23.9713;193.2811;12.67048;58.90554;219.8629;-56.76862;79.87193;219.6523;-71.4638;102.2226;209.9093;-68.265;122.5179;192.8214;-51.05194;-60.25783;147.6499;12.2637;-62.23233;162.5236;2.530922;-75.15445;157.6128;-6.128348;-93.90321;157.1256;-2.195742;-112.1933;160.8708;7.856029;1;0.9490275
86.44129;336.2361;123.8255;179.7616;5.780499;-94.18564;185.4135;44.91803;23.9713;193.2811;12.67048;58.90554;219.8629;-56.76862;79.87193;219.6523;-71.4638;102.2226;209.9093;-68.265;122.5179;192.8214;-51.05194;-44.54517;126.9979;26.53126;-59.90572;157.3498;-16.04659;-77.71075;160.6669;-30.16768;-105.3347;162.2324;-28.3332;-131.4252;160.0584;-10.3604;1;0.3865151
247.8195;462.8495;123.6174;175.5338;6.017098;-94.68639;177.5489;45.68769;23.9713;193.2811;12.67048;58.90554;219.8629;-56.76862;79.87193;219.6523;-71.4638;102.2226;209.9093;-68.265;122.5179;192.8214;-51.05194;-40.96723;115.9602;33.69881;-58.91531;154.0505;-25.88707;-80.14209;162.3378;-40.48473;-112.2945;167.418;-37.53928;-143.7693;162.4569;-16.31823;0.8977982;0.02279222
257.7478;244.4658;123.7825;170.1623;8.352591;-94.22245;172.1284;44.55196;23.9713;193.2811;12.67048;58.90554;219.8629;-56.76862;79.87193;219.6523;-71.4638;102.2226;209.9093;-68.265;122.5179;192.8214;-51.05194;-43.45795;109.752;33.39569;-59.12182;151.7336;-30.86595;-81.87254;163.0595;-46.6875;-115.5125;173.0901;-43.77158;-150.0594;167.6853;-20.63743;0.3096682;0
117.3353;200.4434;123.1302;162.9797;8.026416;-94.9389;173.6927;40.51613;23.9713;193.2811;12.67048;58.90554;219.8629;-56.76862;79.87193;219.6523;-71.4638;102.2226;209.9093;-68.265;122.5179;192.8214;-51.05194;-55.79176;123.3476;13.40613;-68.60248;144.6336;-7.946079;-83.41499;141.4253;-8.710477;-104.4316;145.0558;-9.135138;-128.331;154.2465;-6.42128;0.3624382;0.7199624
67.25563;318.5919;123.5269;163.5942;6.43201;-96.38093;181.3575;37.64898;23.9713;193.2811;12.67048;58.90554;219.8629;-56.76862;79.87193;219.6523;-71.4638;102.2226;209.9093;-68.265;122.5179;192.8214;-51.05194;-71.99857;140.1953;1.833796;-75.19655;152.1197;18.79266;-86.12826;147.3807;26.36265;-99.04289;146.9013;30.55183;-112.8678;154.0153;26.48291;1;1
266.6846;262.8721;124.9423;167.3718;3.121633;-96.13212;186.4953;37.6633;23.9713;193.2811;12.67048;58.90554;219.8629;-56.76862;79.87193;219.6523;-71.4638;102.2226;209.9093;-68.265;122.5179;192.8214;-51.05194;-79.22668;151.9681;-2.729451;-77.13118;154.446;29.84322;-85.7022;151.8613;37.05006;-97.65079;152.3555;41.73335;-108.0773;156.6459;37.84496;1;1
239.0278;238.0091;127.4262;172.2991;2.618185;-95.56773;191.2836;40.34554;23.9713;193.2811;12.67048;58.90554;219.8629;-56.76862;79.87193;219.6523;-71.4638;102.2226;209.9093;-68.265;122.5179;192.8214;-51.05194;-83.06635;159.8609;-1.136575;-75.89832;158.154;35.86161;-83.19481;156.35;40.88081;-95.28276;157.3348;44.8413;-106.6848;161.2405;41.89837;1;1
110.5181;112.0318;127.7715;175.6158;5.576898;-95.30206;194.9853;42.92398;23.9713;193.2811;12.67048;58.90554;219.8629;-56.76862;79.87193;219.6523;-71.4638;102.2226;209.9093;-68.265;122.5179;192.8214;-51.05194;-84.24513;164.3547;1.58425;-74.80322;162.7762;36.76944;-82.36551;159.5429;39.60833;-94.47191;159.9319;43.10096;-105.9515;164.9792;40.13942;1;1
56.48792;155.0004;126.8506;175.4238;8.755576;-92.78893;199.0626;45.19538;23.9713;193.2811;12.67048;58.90554;219.8629;-56.76862;79.87193;219.6523;-71.4638;102.2226;209.9093;-68.265;122.5179;192.8214;-51.05194;-78.24135;166.8316;3.568057;-72.88385;165.5919;37.43526;-80.53153;163.5092;42.0349;-92.78814;164.4858;45.46408;-104.7612;169.9205;41.81682;1;1
28.69221;79.47627;126.5442;175.8449;8.885217;-91.81689;200.0087;45.80375;23.9713;193.2811;12.67048;58.90554;219.8629;-56.76862;79.87193;219.6523;-71.4638;102.2226;209.9093;-68.265;122.5179;192.8214;-51.05194;-70.30361;164.518;3.996941;-71.27208;164.3038;31.7385;-80.49648;163.1406;41.42509;-93.19888;164.5696;45.73204;-105.419;170.3215;42.44862;1;1
63.44503;32.48022;126.634;177.1819;8.336756;-91.28535;199.6011;45.48621;23.9713;193.2811;12.67048;58.90554;219.8629;-56.76862;79.87193;219.6523;-71.4638;102.2226;209.9093;-68.265;122.5179;192.8214;-51.05194;-64.42809;161.1687;6.262776;-68.13908;164.2986;29.41029;-79.81934;162.5786;38.96473;-93.07286;163.3263;43.12032;-105.7523;169.4232;40.18503;1;1
309.7636;340.485;127.4306;170.131;5.461757;-92.10486;180.8933;43.23989;23.9713;193.2811;12.67048;58.90554;219.8629;-56.76862;79.87193;219.6523;-71.4638;102.2226;209.9093;-68.265;122.5179;192.8214;-51.05194;-40.35308;124.8205;24.03875;-59.23447;155.7868;-19.35164;-76.61821;158.8771;-32.97047;-103.9906;162.1378;-32.23298;-132.5216;162.5084;-16.65491;0.4860764;0.2159835
352.851;230.969;126.1387;163.3241;6.478738;-92.41319;176.5725;41.74102;23.9713;193.2811;12.67048;58.90554;219.8629;-56.76862;79.87193;219.6523;-71.4638;102.2226;209.9093;-68.265;122.5179;192.8214;-51.05194;-41.39921;121.6112;21.30436;-61.14045;151.3223;-21.72191;-78.1798;154.2168;-34.32709;-105.2641;160.3347;-34.62805;-133.33;160.6005;-18.39897;0.181551;0.2836271
181.7368;120.907;124.9397;159.5537;5.328664;-92.99451;176.3405;39.07236;23.9713;193.2811;12.67048;58.90554;219.8629;-56.76862;79.87193;219.6523;-71.4638;102.2226;209.9093;-68.265;122.5179;192.8214;-51.05194;-54.72287;126.534;11.23954;-66.39304;145.2637;-1.290546;-77.85663;139.9776;-1.599989;-96.60165;141.6374;0.1130266;-123.7729;156.2852;-3.001637;0.3642157;0.728852